"x","y","temperature","species_prob","species_present","future_temp","future_species_prob","future_species_present"
1,1,21.414311925134,0.495254486431612,0,25.0797282925747,0.158663834726145,0
2,1,21.9524654437611,0.475424757399939,0,26.8535191248877,0.0596161450756228,0
3,1,22.4657347863988,0.44374662685525,1,25.3930414554886,0.136907875300157,0
4,1,22.9468734597623,0.405059906075586,1,26.6635460689851,0.0673214029806977,0
5,1,23.3880016184628,0.364235147613706,0,27.0918887944762,0.0508935534698655,0
6,1,23.7808219188078,0.325381592305504,0,27.2590636813821,0.0453779757240672,0
7,1,24.116952790369,0.291448683836825,0,27.1179610143646,0.0500013910664381,0
8,1,24.3883797483642,0.264216342668159,1,27.432549362261,0.040153271517245,0
9,1,24.5879983438831,0.244545346667463,1,27.9961413705118,0.0263704127892255,0
10,1,24.7101890559875,0.232725102895299,0,27.5000004771118,0.0382537647515007,0
11,1,24.7513356722456,0.228789294630264,0,26.700520073176,0.0657681153935801,0
12,1,24.7101890559875,0.232725102895299,0,27.0092831904447,0.0537998654283249,0
13,1,24.5879983438831,0.244545346667463,0,28.6919581281171,0.0149461289547201,0
14,1,24.3883797483642,0.264216342668159,1,26.9386516351097,0.0563822485494162,0
15,1,24.116952790369,0.291448683836825,0,26.8775030887646,0.0586915354393088,0
16,1,23.7808219188078,0.325381592305504,1,28.368929977775,0.0195844357669681,0
17,1,23.3880016184628,0.364235147613706,0,27.8936380500351,0.0285409470144141,0
18,1,22.9468734597623,0.405059906075586,0,27.6700787705766,0.0337776929749955,0
19,1,22.4657347863988,0.44374662685525,0,30.5737609357473,0.00245816376185481,0
20,1,21.9524654437611,0.475424757399939,1,30.1669693523452,0.00375446716309193,0
21,1,21.414311925134,0.495254486431612,1,30.4988297655461,0.00266128963267365,0
22,1,20.857771868352,0.49943840336514,1,30.7327773990246,0.00207270783663181,0
23,1,20.2885552073825,0.486136013937254,1,29.2116930113512,0.0094427548325866,0
24,1,20,0.472979734453383,1,28.2764993326619,0.021114076730175,0
25,1,20,0.472979734453383,0,27.6683773305851,0.0338203070915305,0
1,2,22.0703858742061,0.469166003778327,0,24.7276504042154,0.184841578990728,0
2,2,22.6548201166784,0.429436171675346,0,25.2473194920967,0.146827396159867,0
3,2,23.2155110209978,0.380662920493156,1,27.1591297142003,0.0486169034681636,0
4,2,23.7443180461897,0.329047977531809,0,27.4649938463119,0.0392305769709825,0
5,2,24.2321651887339,0.279842017365607,0,27.2948682004225,0.0442588496583067,0
6,2,24.6692521311307,0.236663856992217,0,28.6789556807252,0.0151130051139191,0
7,2,25.0454320519053,0.201424075898663,0,26.3936625499987,0.0794608768800562,0
8,2,25.3507745566731,0.174684885416594,0,26.7809467827378,0.0624792330402529,0
9,2,25.5762927664759,0.1562001736754,0,28.4379099753576,0.018504094985074,0
10,2,25.7147565880939,0.145426028241453,0,28.5147214681331,0.0173602761594276,0
11,2,25.7614568433257,0.14189422940507,0,29.7718808997825,0.00556608886873576,0
12,2,25.7147565880939,0.145426028241453,0,28.3050928661622,0.0206306259892461,0
13,2,25.5762927664759,0.1562001736754,0,27.089100562343,0.0509896729806791,0
14,2,25.3507745566731,0.174684885416594,0,28.5713545314301,0.0165555199541326,0
15,2,25.0454320519053,0.201424075898663,0,27.1327372634044,0.0495010655090069,0
16,2,24.6692521311307,0.236663856992217,0,28.5867443452592,0.0163423444841805,0
17,2,24.2321651887339,0.279842017365607,0,26.2864314325369,0.0846808210435238,0
18,2,23.7443180461897,0.329047977531809,0,26.8146064618669,0.0611390484150384,0
19,2,23.2155110209978,0.380662920493156,1,29.7254122616614,0.00582327887681282,0
20,2,22.6548201166784,0.429436171675346,1,30.1881516250459,0.00367423959360517,0
21,2,22.0703858742061,0.469166003778327,0,33.3741215056412,8.08515868532901e-05,0
22,2,21.4693317519067,0.493918611117637,0,29.9925580660848,0.0044767771627161,0
23,2,20.857771868352,0.49943840336514,0,29.7603817787759,0.00562878123046484,0
24,2,20.2408734772135,0.484245944499464,0,29.1423750069911,0.0100565813710856,0
25,2,20,0.472979734453383,1,28.4806256718378,0.0178604534986572,0
1,3,22.7188284804877,0.424315107388293,0,25.2418124372827,0.147209236121106,1
2,3,23.3532110352772,0.367588289397753,0,27.816775620861,0.0302617672898978,0
3,3,23.9658407670454,0.306718283885597,1,25.9494875639715,0.102564961886975,0
4,3,24.5476770721466,0.248485669469365,0,28.4138350632875,0.0188753378549123,0
5,3,25.0883426632335,0.197556026861189,0,28.5126335986553,0.0173905626236244,0
6,3,25.5762927664759,0.1562001736754,1,27.485130971901,0.0386663141170909,0
7,3,25.9992130314743,0.124730620997985,0,28.9413120791807,0.0120357896735277,0
8,3,26.344702042271,0.102270063090499,0,30.7848668582177,0.00195888332473523,0
9,3,26.6012416435317,0.0874977616902615,0,28.9511228720753,0.011931984966591,0
10,3,26.7593629592655,0.0791872880838669,0,29.0995303100941,0.0104529815736423,0
11,3,26.8128018414256,0.07651295164922,0,30.8801868113344,0.0017651527765929,0
12,3,26.7593629592655,0.0791872880838669,0,29.337044331566,0.00841489189780654,0
13,3,26.6012416435317,0.0874977616902615,0,29.4416859760589,0.00763284843508456,0
14,3,26.344702042271,0.102270063090499,0,30.2090434897183,0.00359661571856284,0
15,3,25.9992130314743,0.124730620997985,0,29.1709348750742,0.00979962007936491,0
16,3,25.5762927664759,0.1562001736754,0,28.1039080454462,0.0242356606583841,0
17,3,25.0883426632335,0.197556026861189,0,29.5822282954922,0.00668281939008698,0
18,3,24.5476770721466,0.248485669469365,0,28.5796891189763,0.0164397823489124,0
19,3,23.9658407670454,0.306718283885597,0,31.0153721548704,0.00152016015056477,0
20,3,23.3532110352772,0.367588289397753,0,32.0663127868051,0.000443946625785811,0
21,3,22.7188284804877,0.424315107388293,1,32.290100557793,0.000336216330134951,0
22,3,22.0703858742061,0.469166003778327,0,33.9948172678076,3.37107107631489e-05,0
23,3,21.414311925134,0.495254486431612,0,29.9285005062094,0.00477159213929936,0
24,3,20.7559027362456,0.498347639819565,1,27.3003421612523,0.0440896485316779,0
25,3,20.0994697224735,0.477973386922735,0,27.7026854247544,0.0329692763479894,0
1,4,23.3532110352772,0.367588289397753,1,26.6800601883158,0.0666244085958382,0
2,4,24.0410448490079,0.29911642796157,0,28.0603019521698,0.0250817073211001,0
3,4,24.7101890559875,0.232725102895299,0,28.4197979785199,0.0187828122837751,0
4,4,25.3507745566731,0.174684885416594,0,27.7890351575543,0.0309030080333746,0
5,4,25.9510819155862,0.128093822003451,0,31.0743007394645,0.00142339649629532,0
6,4,26.4976022687608,0.0932717713012613,0,31.1808791810473,0.00126252602669517,0
7,4,26.9753946713579,0.0687844716211637,0,29.4461371149196,0.00760103925817326,0
8,4,27.3688672295339,0.0525170329790921,0,28.7226339944879,0.0145586098009625,0
9,4,27.6630524379525,0.0424424387980707,0,29.9006691644725,0.00490496146817191,0
10,4,27.8452960369945,0.0370171586366634,0,31.4310957888241,0.000947990334315417,0
11,4,27.9070530428412,0.0353111225934661,0,30.2753664404157,0.00335981365814889,0
12,4,27.8452960369945,0.0370171586366634,0,31.6382901828375,0.000743834694472843,0
13,4,27.6630524379525,0.0424424387980707,0,29.6556887844788,0.00622883701041384,0
14,4,27.3688672295339,0.0525170329790921,0,29.1227096355043,0.010236883459443,0
15,4,26.9753946713579,0.0687844716211637,0,30.5942574730129,0.00240509180934592,0
16,4,26.4976022687608,0.0932717713012613,0,29.5995288438601,0.0065733648936064,0
17,4,25.9510819155862,0.128093822003451,0,28.6122148777036,0.0159946226845204,0
18,4,25.3507745566731,0.174684885416594,0,28.696129761565,0.0148929214568662,0
19,4,24.7101890559875,0.232725102895299,0,29.5311926129465,0.00701507857029971,0
20,4,24.0410448490079,0.29911642796157,0,28.9958131886319,0.011468792234295,0
21,4,23.3532110352772,0.367588289397753,0,30.0389898887797,0.00427331640803292,0
22,4,22.6548201166784,0.429436171675346,1,31.6374136180317,0.000744605769954233,0
23,4,21.9524654437611,0.475424757399939,0,30.556962085322,0.00250244624797988,0
24,4,21.2514243653187,0.498247129436427,1,31.5566905609954,0.000818851126596764,0
25,4,20.5558747300667,0.494550820647632,0,26.253400801435,0.0863345705605479,0
1,5,23.9658407670454,0.306718283885597,0,26.5768146256571,0.0710681243923049,0
2,5,24.7101890559875,0.232725102895299,0,27.6716381465945,0.0337386746077317,0
3,5,25.4402130782583,0.167218773708415,0,29.0041633950735,0.0113839814685914,0
4,5,26.1454092761041,0.114865470242874,0,28.0899929664759,0.024503056521209,0
5,5,26.8128018414256,0.07651295164922,0,30.0309108079186,0.00430811587720152,0
6,5,27.4267882415336,0.0503985930719802,0,29.6331289731265,0.00636527929000005,0
7,5,27.9693306998959,0.0336558712359434,0,30.9718228408856,0.00159547713812776,0
8,5,28.4207440917301,0.0234602081674934,0,29.8335067575584,0.00524050459033325,0
9,5,28.7613077817808,0.017602803562294,0,30.8566238783794,0.00181135240939575,0
10,5,28.9737180282159,0.0146197875244658,0,31.210985199025,0.00122019166728233,0
11,5,29.0459614829476,0.0137093835986891,0,32.4446844362138,0.000276582351622998,0
12,5,28.9737180282159,0.0146197875244658,0,33.1356623199981,0.000111867403609106,0
13,5,28.7613077817808,0.017602803562294,0,30.8718766584977,0.00178132288595874,0
14,5,28.4207440917301,0.0234602081674934,0,30.5139691877552,0.00261907070856043,0
15,5,27.9693306998959,0.0336558712359434,0,30.9142427011946,0.00170026871479514,0
16,5,27.4267882415336,0.0503985930719802,0,30.0661991963242,0.0041579488501394,0
17,5,26.8128018414256,0.07651295164922,0,29.8539073402079,0.00513649777784258,0
18,5,26.1454092761041,0.114865470242874,0,28.5519932670467,0.0168270320058517,0
19,5,25.4402130782583,0.167218773708415,0,28.7211471364349,0.0145771941603028,0
20,5,24.7101890559875,0.232725102895299,1,29.4080228222371,0.00787720388377446,0
21,5,23.9658407670454,0.306718283885597,0,30.0421457085754,0.00425979125275395,0
22,5,23.2155110209978,0.380662920493156,0,29.9520869994607,0.00466109319218861,0
23,5,22.4657347863988,0.44374662685525,0,29.8663423080845,0.0050740015849561,0
24,5,21.7215738480201,0.485744153894061,1,28.5266899410832,0.0171875168256713,0
25,5,20.9869084094641,0.499995239196478,0,27.7921260427705,0.0308310230812318,0
1,6,24.5476770721466,0.248485669469365,0,26.5993937354095,0.0700787448180727,0
2,6,25.3507745566731,0.174684885416594,1,28.2849685503765,0.0209699112965281,0
3,6,26.1454092761041,0.114865470242874,0,29.2959857350364,0.008740290909916,0
4,6,26.9208117006567,0.0713110946812488,0,28.7132248674828,0.0146765551503495,0
5,6,27.6630524379525,0.0424424387980707,0,29.9086220606802,0.00486651756160436,0
6,6,28.3545197261202,0.0247708077720709,0,30.8605808715076,0.0018035181092244,0
7,6,28.9737180282159,0.0146197875244658,0,31.9997730764457,0.000481677571790633,0
8,6,29.4958191590309,0.00906722995850382,0,30.2468248662601,0.00345995331672711,0
9,6,29.8945161895084,0.00616861137280835,0,34.2283703967522,2.39882756242882e-05,0
10,6,30.1455326577506,0.00479655900867835,0,33.4666605227349,7.11583267719272e-05,0
11,6,30.231349658229,0.00439419766799674,0,33.8336506123858,4.24818126225736e-05,0
12,6,30.1455326577506,0.00479655900867835,0,33.6254773290604,5.70264676394309e-05,0
13,6,29.8945161895084,0.00616861137280835,0,33.1095199885317,0.000115876712947887,0
14,6,29.4958191590309,0.00906722995850382,0,29.9608082634568,0.00462081432669299,0
15,6,28.9737180282159,0.0146197875244658,0,32.0200833268195,0.00046985724181871,0
16,6,28.3545197261202,0.0247708077720709,0,31.3035763863663,0.00109799080872231,0
17,6,27.6630524379525,0.0424424387980707,0,28.8525885390337,0.0130102065853638,0
18,6,26.9208117006567,0.0713110946812488,0,30.7092874975175,0.00212596894880833,0
19,6,26.1454092761041,0.114865470242874,0,27.6699187788115,0.0337816982893413,0
20,6,25.3507745566731,0.174684885416594,0,28.4837087957049,0.0178147329017002,0
21,6,24.5476770721466,0.248485669469365,0,27.4256666921076,0.0403511753341476,0
22,6,23.7443180461897,0.329047977531809,0,28.3216914744714,0.0203542280234541,0
23,6,22.9468734597623,0.405059906075586,0,29.3477415479257,0.00833186552066225,0
24,6,22.1599483633936,0.463988235836097,1,27.5713720773799,0.0363216080054907,0
25,6,21.3869392526738,0.495858304922396,0,26.4631892783226,0.0761975380545927,0
1,7,25.0883426632335,0.197556026861189,0,29.400935243433,0.00792951286710973,0
2,7,25.9510819155862,0.128093822003451,0,30.3513386743548,0.00310579014508903,0
3,7,26.8128018414256,0.07651295164922,0,29.4953687440101,0.00725686872444055,0
4,7,27.6630524379525,0.0424424387980707,0,29.9201499588879,0.00481126654479773,0
5,7,28.4875798953737,0.0221968328806336,0,31.9753065002586,0.000496282177865023,0
6,7,29.2672594720681,0.0112180082474447,0,32.741614097287,0.000188674874352307,0
7,7,29.9771478205641,0.00568272724075387,0,34.167435716508,2.62304739387555e-05,0
8,7,30.5862724884631,0.00303205409279317,0,32.485833106695,0.000262457350688839,0
9,7,31.0592677250247,0.00180941640860871,0,34.047239420655,3.12485271153448e-05,0
10,7,31.3611213727335,0.00128474679006045,0,34.8237052904951,9.80449050049368e-06,0
11,7,31.4651144426621,0.00113910208132471,0,33.6376792712075,5.60581739825494e-05,0
12,7,31.3611213727335,0.00128474679006045,0,33.0616827723443,0.000123564681255708,0
13,7,31.0592677250247,0.00180941640860871,0,32.1650035557067,0.000393001734815686,0
14,7,30.5862724884631,0.00303205409279317,0,33.5398017002605,6.42830585584381e-05,0
15,7,29.9771478205641,0.00568272724075387,0,32.9374363823805,0.000145826932831847,0
16,7,29.2672594720681,0.0112180082474447,0,31.8174616023754,0.000600792107631236,0
17,7,28.4875798953737,0.0221968328806336,0,31.4113990506231,0.000969859758450784,0
18,7,27.6630524379525,0.0424424387980707,0,29.1261558881467,0.010205086174088,0
19,7,26.8128018414256,0.07651295164922,0,30.6017527005603,0.00238594394278985,0
20,7,25.9510819155862,0.128093822003451,0,29.1183983679817,0.0102767823532138,0
21,7,25.0883426632335,0.197556026861189,0,27.4844098755302,0.0386864092558399,0
22,7,24.2321651887339,0.279842017365607,0,27.3279965817396,0.0432424821422663,0
23,7,23.3880016184628,0.364235147613706,1,28.1545200963052,0.0232832346288708,0
24,7,22.5597334541149,0.436790771094973,0,26.413676828219,0.0785117313990989,1
25,7,21.7500836965564,0.484613236999526,0,28.2049401459987,0.0223653094798085,0
1,8,25.5762927664759,0.1562001736754,0,29.5953882045182,0.00659941694471884,0
2,8,26.4976022687608,0.0932717713012613,0,28.7537653472123,0.0141740924315756,0
3,8,27.4267882415336,0.0503985930719802,0,29.3529515491779,0.00829168710392377,0
4,8,28.3545197261202,0.0247708077720709,0,32.0003857582657,0.00048131700798265,0
5,8,29.2672594720681,0.0112180082474447,0,32.2650599540022,0.00034693321014916,0
6,8,30.1455326577506,0.00479655900867835,0,33.8179489518313,4.34431118069971e-05,0
7,8,30.9618092281736,0.00201658543835083,0,32.9883595856792,0.000136282897069562,0
8,8,31.6786001352544,0.000886449750928441,0,34.7713638930177,1.06236533837829e-05,0
9,8,32.2485429323399,0.000442718706371309,0,35.1840739068247,5.59633180690443e-06,0
10,8,32.6197741522112,0.000276248110669883,0,36.5988356992265,5.38610756339683e-07,0
11,8,32.7492301231193,0.000233511090466557,0,36.0012297275712,1.48760909381084e-06,0
12,8,32.6197741522112,0.000276248110669883,0,35.2754123836366,4.84379098168507e-06,0
13,8,32.2485429323399,0.000442718706371309,0,34.9384594250088,8.21408462625988e-06,0
14,8,31.6786001352544,0.000886449750928441,0,34.8705440106074,9.12279177845929e-06,0
15,8,30.9618092281736,0.00201658543835083,0,33.3359043205592,8.52066063545354e-05,0
16,8,30.1455326577506,0.00479655900867835,0,33.3796055650831,8.02441205939281e-05,0
17,8,29.2672594720681,0.0112180082474447,0,30.8684918669965,0.00178794754655556,0
18,8,28.3545197261202,0.0247708077720709,0,30.935234611785,0.00166136159340994,0
19,8,27.4267882415336,0.0503985930719802,0,31.3505997669594,0.00104031629333272,0
20,8,26.4976022687608,0.0932717713012613,0,29.430364399894,0.00771428047619433,0
21,8,25.5762927664759,0.1562001736754,0,29.7881015870214,0.00547870338048594,0
22,8,24.6692521311307,0.236663856992217,0,27.6859944343329,0.033381141882213,0
23,8,23.7808219188078,0.325381592305504,0,27.7680758798746,0.031394712440583,0
24,8,22.9139048052482,0.407934385928732,1,26.2350521745813,0.0872625769171687,0
25,8,22.0703858742061,0.469166003778327,1,24.7623239756953,0.182193829830484,0
1,9,25.9992130314743,0.124730620997985,0,29.8612568984381,0.0050994782152873,0
2,9,26.9753946713579,0.0687844716211637,0,30.8962212002872,0.00173432871976306,0
3,9,27.9693306998959,0.0336558712359434,0,29.9951145483074,0.00446535479626325,0
4,9,28.9737180282159,0.0146197875244658,0,32.2174712959946,0.000368179989994276,0
5,9,29.9771478205641,0.00568272724075387,0,34.4690746401868,1.6786159938522e-05,0
6,9,30.9618092281736,0.00201658543835083,0,34.1286354791648,2.77602419500315e-05,0
7,9,31.8999768515642,0.000679825302548553,0,35.5851264652631,2.9479602553344e-06,0
8,9,32.7492301231193,0.000233511090466557,0,37.1026893607122,2.21762764079206e-07,0
9,9,33.4480676272313,9.12667270335168e-05,0,36.6476046357371,4.94889498875596e-07,0
10,9,33.9183182258678,4.70442482797884e-05,0,35.2124345728333,5.35146321290262e-06,0
11,9,34.0857515586485,3.69365881179844e-05,0,36.8963634349712,3.20024952267436e-07,0
12,9,33.9183182258678,4.70442482797884e-05,0,37.7423012781538,6.90267722861748e-08,0
13,9,33.4480676272313,9.12667270335168e-05,0,35.4355050417427,3.75219771452566e-06,0
14,9,32.7492301231193,0.000233511090466557,0,35.4293928410497,3.78915592721612e-06,0
15,9,31.8999768515642,0.000679825302548553,0,34.4552602319524,1.71366299627023e-05,0
16,9,30.9618092281736,0.00201658543835083,0,31.6247762506432,0.0007558043776446,0
17,9,29.9771478205641,0.00568272724075387,0,33.7843788495315,4.55677757479249e-05,0
18,9,28.9737180282159,0.0146197875244658,0,30.9852215607088,0.00157195072201106,0
19,9,27.9693306998959,0.0336558712359434,0,29.6208136888864,0.00644086568983499,0
20,9,26.9753946713579,0.0687844716211637,0,29.2572510749046,0.00905724334717772,0
21,9,25.9992130314743,0.124730620997985,0,28.4672094876252,0.018060554302078,0
22,9,25.0454320519053,0.201424075898663,0,28.3310468064056,0.0201998066318302,0
23,9,24.116952790369,0.291448683836825,1,25.553386883195,0.126420387640109,0
24,9,23.2155110209978,0.380662920493156,0,25.0966566707943,0.157448450994692,0
25,9,22.3420524551194,0.452390941608882,0,24.7963500167613,0.179609075941688,0
1,10,26.344702042271,0.102270063090499,0,29.3836547761231,0.0080583211986787,0
2,10,27.3688672295339,0.0525170329790921,0,31.4201858327312,0.000960047199061916,0
3,10,28.4207440917301,0.0234602081674934,0,30.892948986031,0.0017405791460943,0
4,10,29.4958191590309,0.00906722995850382,0,32.8068090850521,0.000173249755655038,0
5,10,30.5862724884631,0.00303205409279317,0,34.7198164504427,1.14938343306652e-05,0
6,10,31.6786001352544,0.000886449750928441,0,31.9153976416868,0.000533790181966612,0
7,10,32.7492301231193,0.000233511090466557,0,35.5210787658006,3.26963825240321e-06,0
8,10,33.7565281955202,5.92557447302412e-05,0,37.5655049216332,9.57407833228149e-08,0
9,10,34.627819925929,1.65225452250878e-05,0,37.4424509050398,1.19976727300908e-07,0
10,10,35.2472794553138,6.33076128618063e-06,0,38.9968388297031,6.13062615355788e-09,0
11,10,35.4768174686863,4.38911493939524e-06,0,38.2884418855578,2.45807281065852e-08,0
12,10,35.2472794553138,6.33076128618063e-06,0,39.1030715494991,4.95423020281393e-09,0
13,10,34.627819925929,1.65225452250878e-05,0,37.789541725152,6.32118094260761e-08,0
14,10,33.7565281955202,5.92557447302412e-05,0,36.3991678199597,7.59639108722934e-07,0
15,10,32.7492301231193,0.000233511090466557,0,35.8443503129551,1.9295562157266e-06,0
16,10,31.6786001352544,0.000886449750928441,0,34.2320674289921,2.38582595085249e-05,0
17,10,30.5862724884631,0.00303205409279317,0,34.9808951233381,7.69083497277645e-06,0
18,10,29.4958191590309,0.00906722995850382,0,33.7347156414018,4.88917997925256e-05,0
19,10,28.4207440917301,0.0234602081674934,0,31.8988999330041,0.000544570007757601,0
20,10,27.3688672295339,0.0525170329790921,0,29.9910584534151,0.00448348951107245,0
21,10,26.344702042271,0.102270063090499,0,28.7847755083461,0.0137996913999238,0
22,10,25.3507745566731,0.174684885416594,0,27.4731906863698,0.0390001182037734,0
23,10,24.3883797483642,0.264216342668159,1,26.7705316796366,0.0628982354544949,0
24,10,23.4580305763399,0.357432378100651,0,26.208881325607,0.0885977542482716,0
25,10,22.5597334541149,0.436790771094973,0,25.9365453157017,0.103296610803871,0
1,11,26.6012416435317,0.0874977616902615,0,31.6847225449972,0.000704025445961255,0
2,11,27.6630524379525,0.0424424387980707,0,31.4214457606963,0.000958647673717581,0
3,11,28.7613077817808,0.017602803562294,0,31.1119465621373,0.00136455408617003,0
4,11,29.8945161895084,0.00616861137280835,0,34.0254681350098,3.22496630880081e-05,0
5,11,31.0592677250247,0.00180941640860871,0,32.6903353028035,0.000201699455056253,0
6,11,32.2485429323399,0.000442718706371309,0,34.2366014342433,2.36997214924972e-05,0
7,11,33.4480676272313,9.12667270335168e-05,0,35.2748831548105,4.84785868510116e-06,0
8,11,34.627819925929,1.65225452250878e-05,0,37.6056133073293,8.89194614182323e-08,0
9,11,35.7211292383453,2.95301737214008e-06,0,36.8868558081617,3.25442863712792e-07,0
10,11,36.5776257442887,6.98456491374285e-07,0,41.0036520545017,8.86230289431774e-11,0
11,11,36.9246538554654,3.80516577628611e-07,0,40.6560897316946,1.90601032743348e-10,0
12,11,36.5776257442887,6.98456491374285e-07,0,40.672236051314,1.83994194047229e-10,0
13,11,35.7211292383453,2.95301737214008e-06,0,38.6847952469329,1.13800855076134e-08,0
14,11,34.627819925929,1.65225452250878e-05,0,38.6828406751982,1.14238744928844e-08,0
15,11,33.4480676272313,9.12667270335168e-05,0,36.7782999509086,3.9392309395892e-07,0
16,11,32.2485429323399,0.000442718706371309,0,36.2649120786598,9.54851826981058e-07,0
17,11,31.0592677250247,0.00180941640860871,0,33.3703517245872,8.12716709006199e-05,0
18,11,29.8945161895084,0.00616861137280835,0,32.2596088304908,0.000349307861692852,0
19,11,28.7613077817808,0.017602803562294,0,32.2574832614711,0.000350237900110802,0
20,11,27.6630524379525,0.0424424387980707,0,29.5690921254266,0.00676699269291962,0
21,11,26.6012416435317,0.0874977616902615,0,31.5276969127073,0.000847138452526311,0
22,11,25.5762927664759,0.1562001736754,0,28.8114000823116,0.013484990548034,0
23,11,24.5879983438831,0.244545346667463,1,28.2786909908878,0.0210766910288125,0
24,11,23.6357783689113,0.339897959490902,0,26.9348494285106,0.0565238374242792,0
25,11,22.7188284804877,0.424315107388293,1,27.4589869292295,0.0394001422835434,0
1,12,26.7593629592655,0.0791872880838669,0,29.260361198144,0.00903143092208953,0
2,12,27.8452960369945,0.0370171586366634,0,30.7187158619122,0.00210444405345846,0
3,12,28.9737180282159,0.0146197875244658,0,32.1084080753018,0.000421511027245461,0
4,12,30.1455326577506,0.00479655900867835,0,32.960689451345,0.00014139367764289,0
5,12,31.3611213727335,0.00128474679006045,0,34.4362110949895,1.76313245966809e-05,0
6,12,32.6197741522112,0.000276248110669883,0,35.1702115356531,5.7198803284974e-06,0
7,12,33.9183182258678,4.70442482797884e-05,0,37.7965260593923,6.23933764899749e-08,0
8,12,35.2472794553138,6.33076128618063e-06,0,38.0782393385371,3.67189898128362e-08,0
9,12,36.5776257442887,6.98456491374285e-07,0,39.5261107354734,2.09462862986957e-09,0
10,12,37.800068380015,7.74777666629113e-08,0,40.838487014185,1.27737408569103e-10,0
11,12,38.4315775660929,2.3313050206061e-08,0,40.5043290480715,2.65164327812086e-10,0
12,12,37.800068380015,7.74777666629113e-08,0,41.285434318994,4.71664771914354e-11,0
13,12,36.5776257442887,6.98456491374285e-07,0,39.1997178204997,4.07684542039959e-09,0
14,12,35.2472794553138,6.33076128618063e-06,0,38.4660680820647,1.74440912365572e-08,0
15,12,33.9183182258678,4.70442482797884e-05,0,37.0125590452949,2.60451569025043e-07,0
16,12,32.6197741522112,0.000276248110669883,0,35.9857175955562,1.52655337910955e-06,0
17,12,31.3611213727335,0.00128474679006045,0,34.7752332720447,1.0560930589005e-05,0
18,12,30.1455326577506,0.00479655900867835,0,33.4436550798814,7.34602709679793e-05,0
19,12,28.9737180282159,0.0146197875244658,0,32.8124652443767,0.000171968671499468,0
20,12,27.8452960369945,0.0370171586366634,0,30.2180306837185,0.00356367707445539,0
21,12,26.7593629592655,0.0791872880838669,0,29.3344823776677,0.00843488306187323,0
22,12,25.7147565880939,0.145426028241453,0,29.1289964471031,0.0101789415673157,0
23,12,24.7101890559875,0.232725102895299,1,26.7746483657464,0.0627323756369494,0
24,12,23.7443180461897,0.329047977531809,0,27.9169612278078,0.0280347540540514,0
25,12,22.8157868077746,0.416312795979556,1,25.6064177977596,0.12305439526973,0
1,13,26.8128018414256,0.07651295164922,0,29.7333505254112,0.00577861430192896,0
2,13,27.9070530428412,0.0353111225934661,0,30.021143224101,0.0043505248268683,0
3,13,29.0459614829476,0.0137093835986891,0,33.0958363995401,0.000118028686826808,0
4,13,30.231349658229,0.00439419766799674,0,33.6224766872596,5.72669917301558e-05,0
5,13,31.4651144426621,0.00113910208132471,0,34.825163282403,9.78255746293974e-06,0
6,13,32.7492301231193,0.000233511090466557,0,35.2672654553489,4.90677201198024e-06,0
7,13,34.0857515586485,3.69365881179844e-05,0,36.3538829993098,8.20745199535586e-07,0
8,13,35.4768174686863,4.38911493939524e-06,0,37.8486223289237,5.66041375320725e-08,0
9,13,36.9246538554654,3.80516577628611e-07,0,41.6291680977506,2.15929101757757e-11,0
10,13,38.4315775660929,2.3313050206061e-08,0,41.3464615120482,4.1096585792839e-11,0
11,13,40,9.74883893008615e-10,0,45.0787085254247,4.10519027344423e-15,0
12,13,38.4315775660929,2.3313050206061e-08,0,41.480028710082,3.03554527527758e-11,0
13,13,36.9246538554654,3.80516577628611e-07,0,40.4677131072096,2.87041672310899e-10,0
14,13,35.4768174686863,4.38911493939524e-06,0,37.7096661686457,7.33428419643403e-08,0
15,13,34.0857515586485,3.69365881179844e-05,0,38.2488261207256,2.65220102517524e-08,0
16,13,32.7492301231193,0.000233511090466557,0,35.382273165383,4.08599512649626e-06,0
17,13,31.4651144426621,0.00113910208132471,0,34.9751518949985,7.75974321973927e-06,0
18,13,30.231349658229,0.00439419766799674,0,31.9392298696952,0.000518565860294441,0
19,13,29.0459614829476,0.0137093835986891,0,32.6845260884641,0.000203226802435757,0
20,13,27.9070530428412,0.0353111225934661,0,31.3420562446673,0.00105058416806779,0
21,13,26.8128018414256,0.07651295164922,0,27.5339378605307,0.037325161122032,0
22,13,25.7614568433257,0.14189422940507,0,27.9497766321884,0.0273349146972976,0
23,13,24.7513356722456,0.228789294630264,0,26.7249569727758,0.0647558381856907,0
24,13,23.7808219188078,0.325381592305504,0,27.6851033006092,0.0334032464678733,0
25,13,22.8483625539526,0.413561257220002,1,26.4116081941376,0.0786094675526222,1
1,14,27.6630524379525,0.0424424387980707,0,29.8543503547411,0.0051342596042383,0
2,14,28.3545197261202,0.0247708077720709,0,31.1423777630413,0.00131861940855487,0
3,14,28.9737180282159,0.0146197875244658,0,32.7544234478123,0.000185546364327926,0
4,14,30.1455326577506,0.00479655900867835,0,31.5414351622701,0.00083362480049195,0
5,14,31.3611213727335,0.00128474679006045,0,34.3910379541444,1.88592460243237e-05,0
6,14,32.6197741522112,0.000276248110669883,0,35.9015440075941,1.75553668644044e-06,0
7,14,33.9183182258678,4.70442482797884e-05,0,37.3457488622093,1.43086165019589e-07,0
8,14,35.2472794553138,6.33076128618063e-06,0,37.178506890338,1.93569580768168e-07,0
9,14,36.5776257442887,6.98456491374285e-07,0,38.9165778462717,7.1953341929976e-09,0
10,14,37.800068380015,7.74777666629113e-08,0,41.2428725652274,5.19101474356839e-11,0
11,14,38.4315775660929,2.3313050206061e-08,0,41.6104127997879,2.25409817389435e-11,0
12,14,37.800068380015,7.74777666629113e-08,0,41.6261683506174,2.17418796425338e-11,0
13,14,36.5776257442887,6.98456491374285e-07,0,40.5507767017863,2.39743825479786e-10,0
14,14,35.2472794553138,6.33076128618063e-06,0,38.3913981315747,2.01580008349585e-08,0
15,14,33.9183182258678,4.70442482797884e-05,0,38.7109381129076,1.08098400626307e-08,0
16,14,32.6197741522112,0.000276248110669883,0,35.7732941369457,2.16887288100925e-06,0
17,14,31.3611213727335,0.00128474679006045,0,34.7244514208457,1.14128954118632e-05,0
18,14,30.1455326577506,0.00479655900867835,0,33.5767237458997,6.10550845877412e-05,0
19,14,28.9737180282159,0.0146197875244658,0,30.833816433835,0.00185711298237899,0
20,14,27.8452960369945,0.0370171586366634,0,30.9857368037082,0.00157105235602611,0
21,14,26.7593629592655,0.0791872880838669,0,29.4388530267015,0.00765315405676996,0
22,14,25.7147565880939,0.145426028241453,0,28.9142907720578,0.0123257042326488,0
23,14,24.7101890559875,0.232725102895299,1,27.6942598778195,0.0331766737066498,0
24,14,23.7443180461897,0.329047977531809,1,26.3366529518187,0.0822077713848682,1
25,14,22.8157868077746,0.416312795979556,1,24.6445496080132,0.191241006084753,0
1,15,28.4875798953737,0.0221968328806336,0,30.5182557424461,0.00260722696953682,0
2,15,29.2672594720681,0.0112180082474447,0,30.1447672357925,0.00384023285022238,0
3,15,29.9771478205641,0.00568272724075387,0,33.2551459725103,9.51456198955605e-05,0
4,15,30.5862724884631,0.00303205409279317,0,33.4300172878074,7.48578060097258e-05,0
5,15,31.0592677250247,0.00180941640860871,0,34.7005047691556,1.18369881620028e-05,0
6,15,32.2485429323399,0.000442718706371309,0,35.526868631889,3.23923053468188e-06,0
7,15,33.4480676272313,9.12667270335168e-05,0,35.7851780128052,2.12695773779935e-06,0
8,15,34.627819925929,1.65225452250878e-05,0,37.0448941750518,2.45876418182736e-07,0
9,15,35.7211292383453,2.95301737214008e-06,0,37.4206882767322,1.24839694117701e-07,0
10,15,36.5776257442887,6.98456491374285e-07,0,38.8045551691513,8.98667224198612e-09,0
11,15,36.9246538554654,3.80516577628611e-07,0,42.3704860697049,3.82912890175635e-12,0
12,15,36.5776257442887,6.98456491374285e-07,0,40.2498497844996,4.58631071700723e-10,0
13,15,35.7211292383453,2.95301737214008e-06,0,37.4838503817987,1.11226453975557e-07,0
14,15,34.627819925929,1.65225452250878e-05,0,35.4153295357147,3.87551870688205e-06,0
15,15,33.4480676272313,9.12667270335168e-05,0,35.8365096933964,1.95466480114279e-06,0
16,15,32.2485429323399,0.000442718706371309,0,35.7351461524258,2.30884135015721e-06,0
17,15,31.0592677250247,0.00180941640860871,0,34.3441801065119,2.02185557930702e-05,0
18,15,29.8945161895084,0.00616861137280835,0,32.2725630511921,0.000343689189222394,0
19,15,28.7613077817808,0.017602803562294,0,31.0785792909438,0.00141659432621593,0
20,15,27.6630524379525,0.0424424387980707,0,30.9434791752418,0.00164630343138517,0
21,15,26.6012416435317,0.0874977616902615,0,30.1453870616119,0.00383781496695488,0
22,15,25.5762927664759,0.1562001736754,0,31.4882499029688,0.000887067077521762,0
23,15,24.5879983438831,0.244545346667463,1,27.3887976646718,0.0414243190434963,0
24,15,23.6357783689113,0.339897959490902,1,26.3562648523966,0.0812555698655256,0
25,15,22.7188284804877,0.424315107388293,0,26.13226904709,0.092584422525544,0
1,16,29.2672594720681,0.0112180082474447,0,31.6179384406151,0.000761928127255903,0
2,16,30.1455326577506,0.00479655900867835,0,34.0690025685639,3.027723290158e-05,0
3,16,30.9618092281736,0.00201658543835083,0,32.6708494808255,0.00020686539013441,0
4,16,31.6786001352544,0.000886449750928441,0,34.8184937806267,9.88327262923055e-06,0
5,16,32.2485429323399,0.000442718706371309,0,33.3116743818009,8.80810370143688e-05,0
6,16,32.6197741522112,0.000276248110669883,0,36.1865140453984,1.09027553148309e-06,0
7,16,32.7492301231193,0.000233511090466557,0,35.5252269310234,3.24782495023938e-06,0
8,16,33.7565281955202,5.92557447302412e-05,0,38.2940728641267,2.43162342501525e-08,0
9,16,34.627819925929,1.65225452250878e-05,0,36.559501105475,5.76561532656494e-07,0
10,16,35.2472794553138,6.33076128618063e-06,0,37.0388343859488,2.48546559617831e-07,0
11,16,35.4768174686863,4.38911493939524e-06,0,39.8061432977548,1.17185127709114e-09,0
12,16,35.2472794553138,6.33076128618063e-06,0,38.3676620142674,2.11034622322918e-08,0
13,16,34.627819925929,1.65225452250878e-05,0,35.8706389761989,1.84760803880587e-06,0
14,16,33.7565281955202,5.92557447302412e-05,0,37.4600997924392,1.16167955908656e-07,0
15,16,32.7492301231193,0.000233511090466557,0,34.9204874203161,8.44577178898807e-06,0
16,16,31.6786001352544,0.000886449750928441,0,35.0811510285429,6.57799602439777e-06,0
17,16,30.5862724884631,0.00303205409279317,0,34.6350821187424,1.30734429369673e-05,0
18,16,29.4958191590309,0.00906722995850382,0,32.4685153026877,0.000268318036147635,0
19,16,28.4207440917301,0.0234602081674934,0,32.0208739613327,0.000469402579008961,0
20,16,27.3688672295339,0.0525170329790921,0,31.9770593882379,0.000495222369020798,0
21,16,26.344702042271,0.102270063090499,0,28.7639468756129,0.0140502245181158,0
22,16,25.3507745566731,0.174684885416594,0,27.4672404666614,0.0391673059280894,0
23,16,24.3883797483642,0.264216342668159,1,28.0042964114397,0.0262036744216661,0
24,16,23.4580305763399,0.357432378100651,0,26.6398493124089,0.0683306879460939,0
25,16,22.5597334541149,0.436790771094973,0,25.7781801544081,0.112513740028766,0
1,17,29.9771478205641,0.00568272724075387,0,33.4069485334505,7.72789332842868e-05,0
2,17,30.9618092281736,0.00201658543835083,0,34.1747002076608,2.5953088716574e-05,0
3,17,31.8999768515642,0.000679825302548553,0,35.430384374937,3.78313691334168e-06,0
4,17,32.7492301231193,0.000233511090466557,0,34.5223415119259,1.5497517162437e-05,0
5,17,33.4480676272313,9.12667270335168e-05,0,36.8835752758582,3.27332714911979e-07,0
6,17,33.9183182258678,4.70442482797884e-05,0,38.8911168742679,7.56916468334261e-09,0
7,17,34.0857515586485,3.69365881179844e-05,0,37.0773467983098,2.32041236872122e-07,0
8,17,33.9183182258678,4.70442482797884e-05,0,36.5006753250969,6.38160486291629e-07,0
9,17,33.4480676272313,9.12667270335168e-05,0,36.9816171099054,2.75177075795154e-07,0
10,17,33.9183182258678,4.70442482797884e-05,0,38.2045870149174,2.88656436072005e-08,0
11,17,34.0857515586485,3.69365881179844e-05,0,37.0431449093893,2.46644346427488e-07,0
12,17,33.9183182258678,4.70442482797884e-05,0,37.4497135926249,1.18394985259824e-07,0
13,17,33.4480676272313,9.12667270335168e-05,0,35.9926361490179,1.50906446389863e-06,0
14,17,32.7492301231193,0.000233511090466557,0,35.0933392165843,6.45369341021755e-06,0
15,17,31.8999768515642,0.000679825302548553,0,34.4263515970486,1.78926692943687e-05,0
16,17,30.9618092281736,0.00201658543835083,0,35.2937818334513,4.70460632628759e-06,0
17,17,29.9771478205641,0.00568272724075387,0,34.5222376302,1.54999362015896e-05,0
18,17,28.9737180282159,0.0146197875244658,0,30.8420325105193,0.00184050889380429,0
19,17,27.9693306998959,0.0336558712359434,0,31.1553911976907,0.00129941041830269,0
20,17,26.9753946713579,0.0687844716211637,0,30.4180701837053,0.00289702461246538,0
21,17,25.9992130314743,0.124730620997985,1,27.5820985094185,0.0360380203990585,0
22,17,25.0454320519053,0.201424075898663,0,28.2968790963917,0.0207685505568195,0
23,17,24.116952790369,0.291448683836825,1,26.6955846142179,0.0659739439217742,0
24,17,23.2155110209978,0.380662920493156,1,24.4150113531254,0.209256097835146,0
25,17,22.3420524551194,0.452390941608882,0,26.0656757848913,0.0961442322075956,0
1,18,30.5862724884631,0.00303205409279317,0,33.0599244096029,0.000123856187820629,0
2,18,31.6786001352544,0.000886449750928441,0,33.1777623109326,0.000105683405793656,0
3,18,32.7492301231193,0.000233511090466557,0,37.876583933691,5.37150160018509e-08,0
4,18,33.7565281955202,5.92557447302412e-05,0,37.5592818797929,9.6843513954829e-08,0
5,18,34.627819925929,1.65225452250878e-05,0,38.7984983800489,9.0949801381763e-09,0
6,18,35.2472794553138,6.33076128618063e-06,0,38.397054186447,1.99388454670149e-08,0
7,18,35.4768174686863,4.38911493939524e-06,0,36.0768635500855,1.31099407689031e-06,0
8,18,35.2472794553138,6.33076128618063e-06,0,37.6034047026302,8.92825256507809e-08,0
9,18,34.627819925929,1.65225452250878e-05,0,36.1600764979002,1.13997015291843e-06,0
10,18,33.7565281955202,5.92557447302412e-05,0,36.2746833155252,9.3915248907681e-07,0
11,18,32.7492301231193,0.000233511090466557,0,36.0253214094059,1.4290099421125e-06,0
12,18,32.6197741522112,0.000276248110669883,0,36.1487081762115,1.16200191148325e-06,0
13,18,32.2485429323399,0.000442718706371309,0,35.3183025467284,4.52476185582798e-06,0
14,18,31.6786001352544,0.000886449750928441,0,33.2511449738101,9.56653114657855e-05,0
15,18,30.9618092281736,0.00201658543835083,0,34.5410473927408,1.5067726401284e-05,0
16,18,30.1455326577506,0.00479655900867835,0,32.3849531713435,0.000298349782279352,0
17,18,29.2672594720681,0.0112180082474447,0,30.1603838601854,0.00377972642371298,0
18,18,28.3545197261202,0.0247708077720709,0,29.9583356723201,0.00463220239840288,0
19,18,27.4267882415336,0.0503985930719802,0,31.2177937424261,0.00121079929492467,0
20,18,26.4976022687608,0.0932717713012613,0,29.7874993040932,0.00548192625744057,0
21,18,25.5762927664759,0.1562001736754,0,27.7874267955802,0.0309405193322148,0
22,18,24.6692521311307,0.236663856992217,0,23.9339401273454,0.247953707489948,0
23,18,23.7808219188078,0.325381592305504,0,27.3814684320952,0.0416402778569541,0
24,18,22.9139048052482,0.407934385928732,0,26.4814932267489,0.0753541996310004,0
25,18,22.0703858742061,0.469166003778327,0,24.8863041119368,0.172843923496588,0
1,19,31.0592677250247,0.00180941640860871,0,33.3048901342613,8.89020599752728e-05,0
2,19,32.2485429323399,0.000442718706371309,0,33.8243626861463,4.30479872396935e-05,0
3,19,33.4480676272313,9.12667270335168e-05,0,35.8729590436173,1.84053836740562e-06,0
4,19,34.627819925929,1.65225452250878e-05,0,37.2546171131875,1.68763542350486e-07,0
5,19,35.7211292383453,2.95301737214008e-06,0,37.7863589544618,6.35882085120509e-08,0
6,19,36.5776257442887,6.98456491374285e-07,0,38.5196713908808,1.57181295018873e-08,0
7,19,36.9246538554654,3.80516577628611e-07,0,40.9917335286182,9.10013463873065e-11,0
8,19,36.5776257442887,6.98456491374285e-07,0,39.0509680846453,5.50080594291571e-09,0
9,19,35.7211292383453,2.95301737214008e-06,0,39.0653813939108,5.34400211730071e-09,0
10,19,34.627819925929,1.65225452250878e-05,0,37.8871260694633,5.26632598488791e-08,0
11,19,33.4480676272313,9.12667270335168e-05,0,36.8871483997185,3.25274819393093e-07,0
12,19,32.2485429323399,0.000442718706371309,0,34.7569086703273,1.08611265087805e-05,0
13,19,31.0592677250247,0.00180941640860871,0,34.6325175786872,1.31243312135674e-05,0
14,19,30.5862724884631,0.00303205409279317,0,33.7298766893847,4.9227644824272e-05,0
15,19,29.9771478205641,0.00568272724075387,0,34.1810264131925,2.5713798477923e-05,0
16,19,29.2672594720681,0.0112180082474447,0,32.4102738154854,0.000288934628197008,0
17,19,28.4875798953737,0.0221968328806336,0,30.7819449369489,0.00196511513956382,0
18,19,27.6630524379525,0.0424424387980707,0,32.2897857804244,0.000336349117666518,0
19,19,26.8128018414256,0.07651295164922,0,29.5381380012986,0.00696902708410659,0
20,19,25.9510819155862,0.128093822003451,1,29.1362887876363,0.0101120873786447,0
21,19,25.0883426632335,0.197556026861189,0,29.7076799573733,0.00592415056122999,0
22,19,24.2321651887339,0.279842017365607,0,27.5458395165115,0.0370037504369381,0
23,19,23.3880016184628,0.364235147613706,0,27.0773212306655,0.0513972627457438,0
24,19,22.5597334541149,0.436790771094973,0,23.1378632329749,0.310303281592588,0
25,19,21.7500836965564,0.484613236999526,1,23.5216580318299,0.280956582148789,1
1,20,31.3611213727335,0.00128474679006045,0,33.3535627576558,8.31676128539498e-05,0
2,20,32.6197741522112,0.000276248110669883,0,35.8878715909574,1.79571275306702e-06,0
3,20,33.9183182258678,4.70442482797884e-05,0,37.5503943190708,9.84397249981733e-08,0
4,20,35.2472794553138,6.33076128618063e-06,0,36.8514497862144,3.46407628313017e-07,0
5,20,36.5776257442887,6.98456491374285e-07,0,40.3846603451997,3.43399296829673e-10,0
6,20,37.800068380015,7.74777666629113e-08,0,44.2553090293736,3.57846526517275e-14,0
7,20,38.4315775660929,2.3313050206061e-08,0,42.4570288255413,3.11654683477902e-12,0
8,20,37.800068380015,7.74777666629113e-08,0,39.8998062263136,9.63080794188981e-10,0
9,20,36.5776257442887,6.98456491374285e-07,0,38.3799672662794,2.06080703143428e-08,0
10,20,35.2472794553138,6.33076128618063e-06,0,37.6101615327176,8.81762892167386e-08,0
11,20,33.9183182258678,4.70442482797884e-05,0,38.5131315274476,1.59194735397267e-08,0
12,20,32.6197741522112,0.000276248110669883,0,35.5039436514233,3.36123930211878e-06,0
13,20,31.3611213727335,0.00128474679006045,0,34.0385721174541,3.1643507726396e-05,0
14,20,30.1455326577506,0.00479655900867835,0,34.2181669397978,2.43506037924462e-05,0
15,20,28.9737180282159,0.0146197875244658,0,33.6935354931959,5.18204099559372e-05,0
16,20,28.3545197261202,0.0247708077720709,0,30.5937330637481,0.00240643667964024,0
17,20,27.6630524379525,0.0424424387980707,0,30.9566595753786,0.0016224878218524,0
18,20,26.9208117006567,0.0713110946812488,0,29.3122193164038,0.00861035117655081,0
19,20,26.1454092761041,0.114865470242874,0,28.1542151602782,0.0232888792322795,0
20,20,25.3507745566731,0.174684885416594,0,29.3846576586544,0.00805079616172221,0
21,20,24.5476770721466,0.248485669469365,0,27.2229801324892,0.0465277493806782,0
22,20,23.7443180461897,0.329047977531809,1,27.3459972894552,0.0426978643084103,0
23,20,22.9468734597623,0.405059906075586,1,24.9569302919437,0.16760578348954,0
24,20,22.1599483633936,0.463988235836097,1,25.4146028905512,0.13547104855701,0
25,20,21.3869392526738,0.495858304922396,0,22.2612691878247,0.366165995910357,0
1,21,31.4651144426621,0.00113910208132471,0,33.3418003967717,8.45206215361069e-05,0
2,21,32.7492301231193,0.000233511090466557,0,36.7612512628379,4.05868153699109e-07,0
3,21,34.0857515586485,3.69365881179844e-05,0,36.4161646550878,7.37853659915216e-07,0
4,21,35.4768174686863,4.38911493939524e-06,0,38.4147201354547,1.92691262445864e-08,0
5,21,36.9246538554654,3.80516577628611e-07,0,38.7547893966294,9.91507031805933e-09,0
6,21,38.4315775660929,2.3313050206061e-08,0,39.7984393484337,1.19086441421046e-09,0
7,21,40,9.74883893008615e-10,0,42.7841786749169,1.4202274298885e-12,0
8,21,38.4315775660929,2.3313050206061e-08,0,41.9425050462065,1.04719643880794e-11,0
9,21,36.9246538554654,3.80516577628611e-07,0,38.9477296799368,6.76230600623541e-09,0
10,21,35.4768174686863,4.38911493939524e-06,0,38.6129707521578,1.31013049932617e-08,0
11,21,34.0857515586485,3.69365881179844e-05,0,38.6301683459087,1.26675015029256e-08,0
12,21,32.7492301231193,0.000233511090466557,0,35.5366007329397,3.18872770933147e-06,0
13,21,31.4651144426621,0.00113910208132471,0,34.3766300200909,1.92676829127755e-05,0
14,21,30.231349658229,0.00439419766799674,0,33.1360062859846,0.000111815530118333,0
15,21,29.0459614829476,0.0137093835986891,0,32.2424540215631,0.000356879837578025,0
16,21,27.9070530428412,0.0353111225934661,0,31.5280771246692,0.000846761764077163,0
17,21,26.8128018414256,0.07651295164922,0,29.1660378384622,0.00984327238205347,0
18,21,26.1454092761041,0.114865470242874,1,29.8678084326731,0.00506667762870476,0
19,21,25.4402130782583,0.167218773708415,0,27.6635809650317,0.0339406672931727,0
20,21,24.7101890559875,0.232725102895299,0,27.8612639494024,0.0292558287055278,0
21,21,23.9658407670454,0.306718283885597,0,27.6916525325239,0.0332410651229494,0
22,21,23.2155110209978,0.380662920493156,1,25.0945337377421,0.157600631494022,0
23,21,22.4657347863988,0.44374662685525,1,25.7500780409439,0.114199981619459,0
24,21,21.7215738480201,0.485744153894061,1,25.0900413392407,0.157922889338761,0
25,21,20.9869084094641,0.499995239196478,0,23.787356045342,0.259779653378871,0
1,22,31.3611213727335,0.00128474679006045,0,33.8836989255183,3.95501678030384e-05,0
2,22,32.6197741522112,0.000276248110669883,0,34.911024229665,8.57025832479439e-06,0
3,22,33.9183182258678,4.70442482797884e-05,0,38.1581099756488,3.15438472161068e-08,0
4,22,35.2472794553138,6.33076128618063e-06,0,37.0159631477672,2.58878747757347e-07,0
5,22,36.5776257442887,6.98456491374285e-07,0,40.1020622169644,6.28371431397712e-10,0
6,22,37.800068380015,7.74777666629113e-08,0,40.6785481331309,1.81472661285769e-10,0
7,22,38.4315775660929,2.3313050206061e-08,0,40.2243700332259,4.84301664090467e-10,0
8,22,37.800068380015,7.74777666629113e-08,0,39.9386998850535,8.87472398812502e-10,0
9,22,36.5776257442887,6.98456491374285e-07,0,38.6405914646415,1.24114050866654e-08,0
10,22,35.2472794553138,6.33076128618063e-06,0,38.6987647452664,1.10718334311689e-08,0
11,22,33.9183182258678,4.70442482797884e-05,0,36.6424503019515,4.9934361651333e-07,0
12,22,32.6197741522112,0.000276248110669883,0,36.8250138548404,3.62903966306297e-07,0
13,22,31.3611213727335,0.00128474679006045,0,34.3448561652805,2.01982986910377e-05,0
14,22,30.1455326577506,0.00479655900867835,0,32.6382403853335,0.000215787779495908,0
15,22,28.9737180282159,0.0146197875244658,0,31.4344067313466,0.00094435889539381,0
16,22,27.8452960369945,0.0370171586366634,0,29.9659934001999,0.00459701371253497,0
17,22,26.7593629592655,0.0791872880838669,0,29.6975729394767,0.00598233152055497,0
18,22,25.7147565880939,0.145426028241453,0,27.8746387399445,0.028958751252228,0
19,22,24.7101890559875,0.232725102895299,0,27.6565543024414,0.0341176110379547,0
20,22,24.0410448490079,0.29911642796157,0,27.4505936386216,0.0396380329953016,0
21,22,23.3532110352772,0.367588289397753,1,24.561375848514,0.197715934936905,0
22,22,22.6548201166784,0.429436171675346,0,25.2149682704828,0.149077589758379,0
23,22,21.9524654437611,0.475424757399939,0,25.2635089467257,0.145707758500972,0
24,22,21.2514243653187,0.498247129436427,1,24.2222950323574,0.224667362784846,0
25,22,20.5558747300667,0.494550820647632,0,22.345263385393,0.361739302259196,0
1,23,31.0592677250247,0.00180941640860871,0,34.4624094614731,1.69543956600309e-05,0
2,23,32.2485429323399,0.000442718706371309,0,35.2157488205414,5.32352504091373e-06,0
3,23,33.4480676272313,9.12667270335168e-05,0,37.5249418434375,1.03153052431304e-07,0
4,23,34.627819925929,1.65225452250878e-05,0,38.0072833862507,4.19995580268999e-08,0
5,23,35.7211292383453,2.95301737214008e-06,0,37.854273604758,5.60083468434071e-08,0
6,23,36.5776257442887,6.98456491374285e-07,0,40.2690297377508,4.40188135180127e-10,0
7,23,36.9246538554654,3.80516577628611e-07,0,39.5442433300876,2.01785051781844e-09,0
8,23,36.5776257442887,6.98456491374285e-07,0,40.1436681152451,5.75206310969333e-10,0
9,23,35.7211292383453,2.95301737214008e-06,0,40.1408822476064,5.78624707727568e-10,0
10,23,34.627819925929,1.65225452250878e-05,0,37.3161160676972,1.50990531708191e-07,0
11,23,33.4480676272313,9.12667270335168e-05,0,37.1500444818233,2.03722015594518e-07,0
12,23,32.2485429323399,0.000442718706371309,0,33.5327870824181,6.49142348145299e-05,0
13,23,31.0592677250247,0.00180941640860871,0,31.3900473879778,0.000994088493429303,0
14,23,29.8945161895084,0.00616861137280835,0,31.1033697071374,0.00137776157320834,0
15,23,28.7613077817808,0.017602803562294,0,31.8814040075154,0.000556221653363229,0
16,23,27.6630524379525,0.0424424387980707,0,28.0831015536627,0.0246363778200442,0
17,23,26.6012416435317,0.0874977616902615,1,26.9698421942146,0.0552307146614413,0
18,23,25.5762927664759,0.1562001736754,0,30.7972645663462,0.00193264041607748,0
19,23,24.5879983438831,0.244545346667463,0,27.9123980021565,0.0281332140403094,0
20,23,23.6357783689113,0.339897959490902,0,26.9055140083591,0.0576251572566482,0
21,23,22.7188284804877,0.424315107388293,1,25.6583950325084,0.119805931756195,0
22,23,22.0703858742061,0.469166003778327,1,26.3575214114445,0.0811948201683864,0
23,23,21.414311925134,0.495254486431612,1,24.1757337476197,0.228416552139932,0
24,23,20.7559027362456,0.498347639819565,1,24.5117997260817,0.201605430732356,1
25,23,20.0994697224735,0.477973386922735,0,23.2031528931853,0.305455589675318,0
1,24,30.5862724884631,0.00303205409279317,0,33.002273720989,0.000133778829591051,0
2,24,31.6786001352544,0.000886449750928441,0,33.7923754031669,4.50529401117311e-05,0
3,24,32.7492301231193,0.000233511090466557,0,33.9757591257813,3.46505253708981e-05,0
4,24,33.7565281955202,5.92557447302412e-05,0,36.6818897586977,4.66221249065029e-07,0
5,24,34.627819925929,1.65225452250878e-05,0,36.0450718846731,1.38262955209413e-06,0
6,24,35.2472794553138,6.33076128618063e-06,0,37.7703783470561,6.5511133836895e-08,0
7,24,35.4768174686863,4.38911493939524e-06,0,37.2947792973336,1.56941528794003e-07,0
8,24,35.2472794553138,6.33076128618063e-06,0,38.3467487022341,2.19720254804487e-08,0
9,24,34.627819925929,1.65225452250878e-05,0,38.9225414471476,7.11040274467815e-09,0
10,24,33.7565281955202,5.92557447302412e-05,0,37.7269712905366,7.10226666206255e-08,0
11,24,32.7492301231193,0.000233511090466557,0,34.8813554913592,8.97198579050157e-06,0
12,24,31.6786001352544,0.000886449750928441,0,32.552351566468,0.000241037295647479,0
13,24,30.5862724884631,0.00303205409279317,0,33.3808595864866,8.01058181234306e-05,0
14,24,29.4958191590309,0.00906722995850382,0,31.3891557360706,0.00099511225849755,0
15,24,28.4207440917301,0.0234602081674934,0,30.8718201051283,0.00178143338806857,0
16,24,27.3688672295339,0.0525170329790921,0,30.6877812442567,0.00217581462351448,0
17,24,26.344702042271,0.102270063090499,0,29.2596625107931,0.0090372240998877,0
18,24,25.3507745566731,0.174684885416594,1,30.6182680864555,0.00234423716934252,0
19,24,24.3883797483642,0.264216342668159,0,27.4112150021491,0.0407691998766711,0
20,24,23.4580305763399,0.357432378100651,0,27.525934883419,0.0375425219060916,1
21,24,22.5597334541149,0.436790771094973,1,24.5404956610452,0.199351495054979,0
22,24,21.69316236451,0.486830052930265,0,24.4721300849247,0.204732477700036,0
23,24,20.857771868352,0.49943840336514,1,24.6494036121983,0.190865216629389,0
24,24,20.2408734772135,0.484245944499464,0,23.9177963879017,0.249258457023382,1
25,24,20,0.472979734453383,0,21.6566018481416,0.390533246283947,1
1,25,29.9771478205641,0.00568272724075387,0,32.3612983482151,0.000307402728231254,0
2,25,30.9618092281736,0.00201658543835083,0,33.9544355277686,3.57314390147754e-05,0
3,25,31.8999768515642,0.000679825302548553,0,34.73254527491,1.12728549506447e-05,0
4,25,32.7492301231193,0.000233511090466557,0,35.2050772688217,5.41398472501275e-06,0
5,25,33.4480676272313,9.12667270335168e-05,0,35.2467580134108,5.06879130402349e-06,0
6,25,33.9183182258678,4.70442482797884e-05,0,38.4054470128369,1.961790295225e-08,0
7,25,34.0857515586485,3.69365881179844e-05,0,37.858564614481,5.55600237942562e-08,0
8,25,33.9183182258678,4.70442482797884e-05,0,38.0223226048566,4.08222365315078e-08,0
9,25,33.4480676272313,9.12667270335168e-05,0,36.4840174377571,6.56724247307053e-07,0
10,25,32.7492301231193,0.000233511090466557,0,36.835751760852,3.56114035263e-07,0
11,25,31.8999768515642,0.000679825302548553,0,35.3272878319046,4.46052097398715e-06,0
12,25,30.9618092281736,0.00201658543835083,0,33.8525740310746,4.13499863520089e-05,0
13,25,29.9771478205641,0.00568272724075387,0,32.2872475807724,0.000337421629119592,0
14,25,28.9737180282159,0.0146197875244658,0,30.7318324179478,0.00207482696035824,0
15,25,27.9693306998959,0.0336558712359434,0,31.2729406440879,0.00113712472975017,0
16,25,26.9753946713579,0.0687844716211637,0,30.9598920341565,0.00161669514026383,0
17,25,25.9992130314743,0.124730620997985,0,28.752192056976,0.0141933155801278,0
18,25,25.0454320519053,0.201424075898663,0,27.1391543410673,0.0492849722700356,0
19,25,24.116952790369,0.291448683836825,0,27.9556271577684,0.0272116488848733,0
20,25,23.2155110209978,0.380662920493156,0,25.1473741001152,0.153833283309225,0
21,25,22.3420524551194,0.452390941608882,0,25.1420636774726,0.154209955125359,0
22,25,21.496980131397,0.49318604366148,0,24.425940624762,0.208388713196361,0
23,25,20.6803206329582,0.49716929609771,1,24.5870464111919,0.195710526253976,0
24,25,20,0.472979734453383,0,21.2471187264651,0.398645240189514,0
25,25,20,0.472979734453383,0,23.5768272789632,0.276600299284171,0
